{
  "5m": {
    "wr": 37.05,
    "pf": 0.56,
    "retorno": -55.915,
    "drawdown": 58.25,
    "trades": 240,
    "banca_usdt": 81.63499999999999,
    "banca_brl": 440.829
  },
  "3m": {
    "wr": 37.45,
    "pf": 0.45999999999999996,
    "retorno": -77.075,
    "drawdown": 79.1,
    "trades": 390,
    "banca_usdt": 42.45,
    "banca_brl": 229.23000000000002
  },
  "1m": {
    "wr": 27.65,
    "pf": 0.35,
    "retorno": -99.92,
    "drawdown": 99.9,
    "trades": 1231,
    "banca_usdt": 0.155,
    "banca_brl": 0.8370000000000001
  }
}